{
  "silent": true,
  "iterations": 400,
  "depth": 3,
  "learning_rate": 0.10267031726321978,
  "l2_leaf_reg": 2.52581959186073,
  "colsample_bylevel": 0.39547317961767875,
  "bootstrap_type": "Bayesian",
  "bagging_temperature": 4.004664822345747
}