{
  "silent": true,
  "iterations": 175,
  "depth": 4,
  "learning_rate": 0.17549380241351548,
  "l2_leaf_reg": 17.60484333557483,
  "colsample_bylevel": 0.20081562084487162,
  "bootstrap_type": "Bernoulli",
  "subsample": 0.41604949579338546
}