{
  "silent": true,
  "iterations": 125,
  "depth": 1,
  "learning_rate": 0.30330020336377767,
  "l2_leaf_reg": 4.493402267123676,
  "colsample_bylevel": 0.40522352417803065,
  "bootstrap_type": "Bernoulli",
  "subsample": 0.31060408306691867
}