{
  "silent": true,
  "iterations": 450,
  "depth": 6,
  "learning_rate": 0.025050619546075462,
  "l2_leaf_reg": 0.035916866356693784,
  "colsample_bylevel": 0.9929688575424799,
  "bootstrap_type": "Bayesian",
  "bagging_temperature": 5.7579845616747
}