{
  "silent": true,
  "iterations": 350,
  "depth": 9,
  "learning_rate": 0.0010368598408087852,
  "l2_leaf_reg": 0.047657536563555286,
  "colsample_bylevel": 0.14592158752218556,
  "bootstrap_type": "Bayesian",
  "bagging_temperature": 7.483702338140802
}