{
  "silent": true,
  "iterations": 500,
  "depth": 3,
  "learning_rate": 0.959585663031222,
  "l2_leaf_reg": 0.006657347479206092,
  "colsample_bylevel": 0.01211632079537937,
  "bootstrap_type": "Bernoulli",
  "subsample": 0.980995598277145
}