{
  "silent": true,
  "iterations": 450,
  "depth": 7,
  "learning_rate": 0.007787957206734688,
  "l2_leaf_reg": 1.3592452582563745,
  "colsample_bylevel": 0.13687462373888148,
  "bootstrap_type": "Bayesian",
  "bagging_temperature": 2.838931659787553
}