{
  "silent": true,
  "iterations": 375,
  "depth": 6,
  "learning_rate": 0.09341329877825592,
  "l2_leaf_reg": 6.014057345188581,
  "colsample_bylevel": 0.5789641870949035,
  "bootstrap_type": "MVS"
}