{
  "silent": true,
  "iterations": 125,
  "depth": 9,
  "learning_rate": 0.042565508036010224,
  "l2_leaf_reg": 2.7014773641431677,
  "colsample_bylevel": 0.7682763502412908,
  "bootstrap_type": "Bayesian",
  "bagging_temperature": 3.509980939552288
}