{
  "silent": true,
  "iterations": 50,
  "depth": 4,
  "learning_rate": 0.16058008459629133,
  "l2_leaf_reg": 0.4158554491641669,
  "colsample_bylevel": 0.5733275518402562,
  "bootstrap_type": "Bernoulli",
  "subsample": 0.2811793253322609
}