{
  "Age": 74.74827936128423,
  "RestingBP": 89.8934523300243,
  "Cholesterol": 500.97664461851946,
  "FastingBS": 0.6365836701224616,
  "MaxHR": 100.410001472423,
  "Oldpeak": -1.7485484474328095,
  "n_concepts": 34,
  "n_epochs": 10,
  "feature_0": 1,
  "feature_1": 5,
  "feature_2": 5,
  "feature_3": 2,
  "feature_4": 10
}