{
  "aluminium": 1.1859460167610223,
  "ammonia": 6.059478073256747,
  "arsenic": 0.5272863166089342,
  "barium": 2.4081867491005635,
  "cadmium": 0.1203211661581863,
  "chloramine": 4.971718054434835,
  "chromium": 0.2367270814677846,
  "copper": 1.266105590604746,
  "flouride": 0.63313245113895,
  "bacteria": 0.4288335519594393,
  "viruses": 0.9949017049766689,
  "lead": 0.08607710904117688,
  "nitrates": 0.035802193481438316,
  "nitrites": 0.3485504795854969,
  "mercury": 0.006085687755374492,
  "perchlorate": 34.69462572395748,
  "radium": 1.7399084921384926,
  "selenium": 0.04874906934577067,
  "silver": 0.09664805588662059,
  "uranium": 0.08994955823468126,
  "n_concepts": 3,
  "n_epochs": 6243,
  "feature_0": 11,
  "feature_1": 2,
  "feature_2": 9,
  "feature_3": 13,
  "feature_4": 6
}