{
  "Age": 28.95014244569597,
  "RestingBP": 75.14298172503646,
  "Cholesterol": 274.01989329477226,
  "FastingBS": 0.47430960106484593,
  "MaxHR": 162.20780072918402,
  "Oldpeak": -0.9546160935615549,
  "n_concepts": 1,
  "n_epochs": 5519,
  "feature_0": 10,
  "feature_1": 4,
  "feature_2": 8,
  "feature_3": 2,
  "feature_4": 1
}