{
  "Age": 44.37517737373038,
  "RestingBP": 153.2231501589717,
  "Cholesterol": 236.64010689238646,
  "FastingBS": 0.5325572218817368,
  "n_concepts": 1
}