{
  "aluminium": 3.062343575602618,
  "ammonia": 24.789367885314213,
  "arsenic": 0.6576988925142008,
  "barium": 1.6921034481828614,
  "cadmium": 0.07025076140712197,
  "chloramine": 2.2301880048160063,
  "chromium": 0.4761508464045577,
  "n_concepts": 4
}