fold,CatBoost,DecisionTree,FormalConcept,KNN,LogRegression,MostFrequent,NaiveBayes,RandomForest,XGBoost
0,0.8206521739130435,0.8315217391304348,0.42934782608695654,0.842391304347826,0.8152173913043478,0.5706521739130435,0.8315217391304348,0.8369565217391305,0.8641304347826086
1,0.8641304347826086,0.8043478260869565,0.4945652173913043,0.8478260869565217,0.8641304347826086,0.5054347826086957,0.8641304347826086,0.842391304347826,0.8586956521739131
2,0.875,0.842391304347826,0.5489130434782609,0.8532608695652174,0.8913043478260869,0.5489130434782609,0.8532608695652174,0.8804347826086957,0.8858695652173914
3,0.8633879781420765,0.8360655737704918,0.5355191256830601,0.8579234972677595,0.8743169398907104,0.5355191256830601,0.8579234972677595,0.8743169398907104,0.8633879781420765
4,0.8907103825136612,0.8469945355191257,0.8142076502732241,0.8961748633879781,0.8743169398907104,0.6065573770491803,0.8852459016393442,0.8743169398907104,0.8743169398907104
