{
  "aluminium": 2.67547736257611,
  "ammonia": 6.289183520746531,
  "arsenic": 0.05803360899970067,
  "barium": 1.0140082833330348,
  "cadmium": 0.06258750203764998,
  "chloramine": 8.144545574968221,
  "chromium": 0.8068613996111085,
  "bacteria": 0.3413987472029326,
  "viruses": 0.9024899886230492,
  "n_concepts": 5
}