{
  "Age": 44.58091821170655,
  "RestingBP": 139.86227054177945,
  "Cholesterol": 101.65432089589416,
  "FastingBS": 0.478614533001745,
  "n_concepts": 4
}