{
  "Age": 36.00158984366135,
  "RestingBP": 148.76730755506816,
  "Cholesterol": 272.1585283373882,
  "FastingBS": 0.2778049644991102,
  "n_concepts": 1
}