{
  "max_iter": 10000,
  "tol": 0.00029110608408820115,
  "C": 0.13944471688613166
}