{
  "max_iter": 10000,
  "tol": 0.0002581522693820706,
  "C": 0.9884991572693292
}