{
  "max_iter": 10000,
  "tol": 0.0006027332338612731,
  "C": 0.3627978292283565
}