{
  "max_iter": 10000,
  "tol": 0.0008044100184205509,
  "C": 0.048529447634217605
}