{
  "max_iter": 10000,
  "tol": 0.00045254652913232857,
  "C": 0.05587023560790987
}