{
  "max_iter": 10000,
  "tol": 0.00014077143511685272,
  "C": 0.9501333231111506
}