{
  "max_iter": 10000,
  "tol": 0.0007203778192092887,
  "C": 0.02803643896615359
}