{
  "max_iter": 10000,
  "tol": 0.0009576140097802993,
  "C": 0.059558368796284546
}