{
  "max_iter": 10000,
  "tol": 0.00065399760317347,
  "C": 0.4113294209344772
}