{
  "max_iter": 10000,
  "tol": 0.0004169145342452562,
  "C": 0.5619787727861137
}