{
  "max_iter": 10000,
  "tol": 0.0006420399585364075,
  "C": 0.820613435843076
}