{
  "max_iter": 10000,
  "tol": 0.00010378200299232801,
  "C": 0.09814616049138321
}