{
  "enable_categorical": true,
  "max_depth": 2,
  "learning_rate": 0.023720511244962564,
  "n_estimators": 250,
  "min_child_weight": 7,
  "gamma": 0.0006635723058895279,
  "subsample": 0.20293290141924997,
  "colsample_bytree": 0.17558824370859272,
  "reg_alpha": 0.00086543593678496,
  "reg_lambda": 0.012013189941019485
}