{
  "enable_categorical": true,
  "max_depth": 3,
  "learning_rate": 0.0720843546793268,
  "n_estimators": 250,
  "min_child_weight": 1,
  "gamma": 5.6711983414137446e-08,
  "subsample": 0.028155149326805573,
  "colsample_bytree": 0.038838938175119415,
  "reg_alpha": 0.3261094195288302,
  "reg_lambda": 3.981348644797076e-07
}