{
  "enable_categorical": true,
  "max_depth": 5,
  "learning_rate": 0.10164263318630151,
  "n_estimators": 250,
  "min_child_weight": 8,
  "gamma": 2.607813627851658e-06,
  "subsample": 0.2858786927633709,
  "colsample_bytree": 0.09865330707396641,
  "reg_alpha": 0.045709794472647065,
  "reg_lambda": 5.355926181651044e-07
}