{
  "enable_categorical": true,
  "max_depth": 2,
  "learning_rate": 0.12183086055331822,
  "n_estimators": 225,
  "min_child_weight": 2,
  "gamma": 0.0005626854606435888,
  "subsample": 0.26702834762346467,
  "colsample_bytree": 0.07337305699166423,
  "reg_alpha": 0.0015812045436224263,
  "reg_lambda": 1.0300981295729473e-07
}