{
  "enable_categorical": true,
  "max_depth": 7,
  "learning_rate": 0.0051721435880337655,
  "n_estimators": 400,
  "min_child_weight": 6,
  "gamma": 0.0014139993708728068,
  "subsample": 0.127842901399434,
  "colsample_bytree": 0.012348925331962104,
  "reg_alpha": 4.283233613392628e-05,
  "reg_lambda": 1.011167370570698e-06
}