{
  "enable_categorical": true,
  "max_depth": 8,
  "learning_rate": 0.01099661473385816,
  "n_estimators": 425,
  "min_child_weight": 7,
  "gamma": 0.011758949823183814,
  "subsample": 0.9996737196175327,
  "colsample_bytree": 0.8062836361753964,
  "reg_alpha": 0.00022754258898587663,
  "reg_lambda": 0.0015141918424113716
}