{
  "enable_categorical": true,
  "max_depth": 2,
  "learning_rate": 0.055332923786845754,
  "n_estimators": 200,
  "min_child_weight": 7,
  "gamma": 0.0001374511448909303,
  "subsample": 0.43380552317337595,
  "colsample_bytree": 0.015788497737347352,
  "reg_alpha": 0.006153204761573486,
  "reg_lambda": 0.00012214196879043195
}